ISO3,Country,Continent,Hemisphere,Human Development Groups,UNDP Developing Regions,HDI Rank (2021),Material footprint per capita (tonnes) (1990),Material footprint per capita (tonnes) (1991),Material footprint per capita (tonnes) (1992),Material footprint per capita (tonnes) (1993),Material footprint per capita (tonnes) (1994),Material footprint per capita (tonnes) (1995),Material footprint per capita (tonnes) (1996),Material footprint per capita (tonnes) (1997),Material footprint per capita (tonnes) (1998),Material footprint per capita (tonnes) (1999),Material footprint per capita (tonnes) (2000),Material footprint per capita (tonnes) (2001),Material footprint per capita (tonnes) (2002),Material footprint per capita (tonnes) (2003),Material footprint per capita (tonnes) (2004),Material footprint per capita (tonnes) (2005),Material footprint per capita (tonnes) (2006),Material footprint per capita (tonnes) (2007),Material footprint per capita (tonnes) (2008),Material footprint per capita (tonnes) (2009),Material footprint per capita (tonnes) (2010),Material footprint per capita (tonnes) (2011),Material footprint per capita (tonnes) (2012),Material footprint per capita (tonnes) (2013),Material footprint per capita (tonnes) (2014),Material footprint per capita (tonnes) (2015),Material footprint per capita (tonnes) (2016),Material footprint per capita (tonnes) (2017),Material footprint per capita (tonnes) (2018),Material footprint per capita (tonnes) (2019),Material footprint per capita (tonnes) (2020),Material footprint per capita (tonnes) (2021)
AFG,Afghanistan,Asia,Northern Hemisphere,Low,SA,180,2.33,2.28,2.35,2.1,1.83,1.81,1.62,1.73,2.08,2.03,2.28,2.34,2.48,2.63,2.2,2.02,1.53,1.53,1.38,1.43,1.77,2.12,1.86,1.88,1.66,1.62,1.66,1.41,1.32,1.38,1.38,1.38
AGO,Angola,Africa,Southern Hemisphere,Medium,SSA,148,2.44,2.66,4.67,3.31,3.08,2.08,2.03,2.41,2.44,2.35,2.74,3.26,3.04,3.02,3.12,3.39,3.2,3.91,4.95,5.58,4.16,4.39,4.09,4.53,3.97,3.59,2.79,2.64,2.28,2.18,2.18,2.18
ALB,Albania,Europe,Northern Hemisphere,High,ECA,67,6.63,5.91,5.65,5.36,5.54,5.47,6.13,6.18,6.74,7.31,9.44,8.7,8.95,10.46,11.43,12.11,12.07,11.91,13.46,14.5,11.92,12.49,12.44,11.49,13.14,12.61,14.39,14.46,12.85,12.96,12.96,12.96
AND,Andorra,Europe,Northern Hemisphere,Very High,,40,,,,,,,,,,,,,,,,,,,,,,,,,,,,,,,,
ARE,United Arab Emirates,Asia,Northern Hemisphere,Very High,AS,26,64.75,34.47,33.09,42.61,49.52,53.11,49.24,49.36,44.01,41.48,42.84,41.7,44.12,46.05,47.91,42.46,52.87,59.52,57.47,73.71,54.63,52.01,49.56,49.68,55.49,59.76,64.95,75.61,65.97,68.95,68.95,68.95
ARG,Argentina,America,Southern Hemisphere,Very High,LAC,47,11.08,12.08,13.47,13.14,13.38,12.69,12.4,13.51,14.51,14.71,14.36,13.21,10.3,11.63,11.96,13.39,13.49,14.68,14.66,13.02,14.59,16.16,15.69,16.74,16.57,17.85,16.95,18.75,16.88,15.81,15.81,15.81
ARM,Armenia,Asia,Northern Hemisphere,High,ECA,85,,2.61,2.81,1.34,3.62,3.09,3.3,3.31,3.86,3.92,3.86,4.13,5.69,6.18,6.58,6.02,7.52,9.04,10.35,8.95,6.45,6.71,6.27,6.15,6.44,6.5,7.79,7.35,6.01,5.95,5.95,5.95
ATG,Antigua and Barbuda,America,Northern Hemisphere,High,LAC,71,,,,,,,,,,,,,,,,,,,,,,,,,,,,,,,,
AUS,Australia,Oceania,Southern Hemisphere,Very High,,5,34.68,34.21,34.59,35.59,36.8,35.89,39.63,38.45,44.17,41.25,41.81,37.77,44.81,49.55,48.77,45.32,45.34,47.07,43.28,44.69,45.4,47.14,49.09,45.97,47.8,46.91,46.32,48.27,47.7,46.82,46.82,46.82
AUT,Austria,Europe,Northern Hemisphere,Very High,,25,22.23,26.7,27.06,25.16,25.97,24.51,26.61,25.78,25.74,27.57,26.78,25.62,26.78,25.18,26.08,28.54,27.94,28.09,28.63,27.11,26.49,28.54,27.26,27.32,27.48,26.4,26.89,25.62,25.39,24.62,24.62,24.62
AZE,Azerbaijan,Asia,Northern Hemisphere,High,ECA,91,,3.98,6.19,5.67,5.62,3.51,3.54,3.81,4.7,4.92,5.66,5.81,6.72,7.24,8.06,7.6,8.78,8.18,11.07,9.51,9.57,10.84,11.61,13.44,12.92,10.93,11.4,12.02,10.57,10.56,10.56,10.56
BDI,Burundi,Africa,Southern Hemisphere,Low,SSA,187,3.27,2.66,2.78,2.77,2.64,2.59,2.44,2.46,2.6,2.2,2.51,2.63,2.7,2.78,2.81,2.7,2.69,2.65,2.58,2.81,2.72,2.67,2.3,2.74,2.39,2.29,2.2,2.13,1.68,1.71,1.71,1.71
BEL,Belgium,Europe,Northern Hemisphere,Very High,,13,27.15,27.94,28.19,25.97,28.69,28.91,30.38,28.93,33.26,32.89,33.94,33.03,32.89,32.68,35.99,36.66,33.81,34.93,35.37,29.81,29.78,31.33,30.14,30.08,30.04,29.32,29.39,34.02,34.48,33.45,33.45,33.45
BEN,Benin,Africa,Northern Hemisphere,Low,SSA,166,4.04,3.86,4.1,4.05,3.64,4.07,3.86,4.07,3.7,3.54,3.78,4.15,4.13,4.48,4.03,3.66,4.72,4.58,4.77,4.78,4.67,4.46,4.45,4.51,4.23,3.91,3.72,3.68,3.47,3.4,3.4,3.4
BFA,Burkina Faso,Africa,Northern Hemisphere,Low,SSA,184,3.32,3.1,3.1,3.18,2.86,3,3.4,2.28,3.55,3.78,2.78,2.59,2.84,3.87,3.98,3.83,3.52,3.03,3.4,3.31,3.28,3.66,4.25,4.15,4.01,4.03,4.23,4.15,2.96,2.96,2.96,2.96
BGD,Bangladesh,Asia,Northern Hemisphere,Medium,SA,129,1.45,1.51,1.49,1.5,1.44,1.57,1.64,1.55,1.79,1.73,1.85,1.84,1.94,1.93,1.87,2.01,2,2,2.19,2.26,2.42,2.46,2.88,2.91,2.15,2.54,2.33,2.37,2.84,2.88,2.88,2.88
BGR,Bulgaria,Europe,Northern Hemisphere,High,,68,13.87,9.1,9.82,10.38,9.69,11.57,12.68,12.14,13.6,16.35,14.23,16.6,15.66,16.84,16.37,19.92,21.33,21.04,21.36,18.88,15.01,14.69,21.49,17.08,17.58,19.12,19.56,19.29,14.69,15.02,15.02,15.02
BHR,Bahrain,Asia,Northern Hemisphere,Very High,AS,35,28.94,33.23,34.55,30.24,32.55,35.74,35.86,35.64,38.76,32.54,28.19,23.82,26.8,26.51,27.06,30.56,28.99,28.55,27.51,22.2,21.03,21.45,25.06,26.46,26.03,21.98,22.92,28.98,24.62,23.83,23.83,23.83
BHS,Bahamas,America,Northern Hemisphere,Very High,LAC,55,43.37,47.25,48.34,46.56,43.74,39.64,36.84,41.61,38.6,45.15,49.24,50.27,52.67,54,51.32,52.96,50.53,54.6,48.72,44.74,41.52,42.66,44.96,42.29,48.66,49.49,50.82,50.72,38.91,37.8,37.8,37.8
BIH,Bosnia and Herzegovina,Europe,Northern Hemisphere,High,ECA,74,,4.61,8.29,7.89,5.39,4.74,5.06,5.92,6.59,6.84,7.45,8.04,10.39,12.21,11.57,10.26,10.29,11.41,12.7,11.62,11.43,11.97,12.8,11.98,12.99,14.1,14.86,14.66,14.43,14.44,14.44,14.44
BLR,Belarus,Europe,Northern Hemisphere,Very High,ECA,60,,22.98,11.63,10.54,7.51,7.23,5.52,4.16,6.58,7.71,6.39,7.78,9.05,11.21,10.14,2.22,2.75,6.17,6.15,3.1,8.57,7.97,6.07,7.55,7.98,6.53,5.63,6.18,6.75,5.59,5.59,5.59
BLZ,Belize,America,Northern Hemisphere,Medium,LAC,123,27.33,21.15,23.18,23.59,23.34,20.12,20.34,21.05,22.5,22.22,25.03,28.01,30.02,30.97,29.19,21.7,20.1,19.43,19.17,18.18,16.81,15.92,16.61,16.27,17.23,18.19,18.54,18.49,12,12.21,12.21,12.21
BOL,Bolivia,America,Southern Hemisphere,Medium,LAC,118,7.57,7.29,7.43,7.54,7.81,7.97,7.95,8.06,8.46,8.43,8.42,7.94,8.29,8.25,8.37,8.55,8.73,8.75,9.13,9.59,9.1,9.67,10.06,10.26,10.68,11.12,11.33,11.15,11.17,11.32,11.32,11.32
BRA,Brazil,America,Southern Hemisphere,High,LAC,87,12.15,12.1,11.59,10.9,11.34,11.89,11.56,11.86,12,11.5,11.63,11.35,11.11,11.28,11.61,12.22,12.97,14.35,16.3,16.11,18.44,20.69,20.34,20.78,19.96,19.04,18.57,18.89,18.28,18.87,18.87,18.87
BRB,Barbados,America,Northern Hemisphere,High,LAC,70,,,,,,,,,,,,,,,,,,,,,,,,,,,,,,,,
BRN,Brunei,Asia,Northern Hemisphere,Very High,EAP,51,45.77,40.97,52.61,59.72,61.09,61.15,61.47,71.99,55.28,41.02,44.78,45.13,45.47,44.84,53.15,56.8,55.69,59.87,63.73,65.73,64.69,69.86,74.56,82.97,81.1,86.78,83.24,84.31,71.16,85.7,85.7,85.7
BTN,Bhutan,Asia,Northern Hemisphere,Medium,SA,127,11.13,9.9,10.85,9.2,9.43,8.72,9.86,10.72,11.75,10.71,11.76,12.65,14.16,14.48,15.02,13.54,13.06,13.43,15.99,15.42,25.66,24.05,24.79,25.83,29.41,32.34,34.4,34.89,31.29,32.43,32.43,32.43
BWA,Botswana,Africa,Southern Hemisphere,Medium,SSA,117,19.46,15.04,13.61,16.02,16.23,16.69,15.56,15.99,14.5,12.22,12.97,13.76,17.42,28.13,18.97,14.91,16.68,15.34,23.04,17.34,14.16,14.47,14.84,13.27,13.43,15.29,16.77,16.89,14.64,14.19,14.19,14.19
CAF,Central African Republic,Africa,Northern Hemisphere,Low,SSA,188,3.58,2.66,3.03,2.74,2.25,2.17,2.2,2.08,2.26,2.05,2.68,2.28,2.38,2.34,2.53,1.92,1.97,1.98,2.08,2.12,2.08,2.19,2.4,2.08,2.11,2.07,2.12,2.22,1.49,1.57,1.57,1.57
CAN,Canada,America,Northern Hemisphere,Very High,,15,35.06,32.03,32.16,32.42,33.97,33.99,31.25,35.99,36.32,36.3,39.12,35.67,35.19,38.21,41.35,34.44,35.32,33.87,32.44,30.48,34.52,36.81,34.83,35,33.82,34.42,35.46,36.48,35.84,35.05,35.05,35.05
CHE,Switzerland,Europe,Northern Hemisphere,Very High,,1,32.41,36.71,34.84,32.86,34.29,35.76,33.23,36.24,42.42,40,39.86,39.93,39.11,38.94,36.82,40.21,41.53,40.79,40.12,39,39.76,41.49,38.71,38.28,36.18,33.83,35.31,32.82,30.44,31.14,31.14,31.14
CHL,Chile,America,Southern Hemisphere,Very High,LAC,42,6.49,6.7,7.47,8.01,7.97,8.49,9.13,8.91,9.21,8.25,10.4,9.87,10.44,10.36,10.5,11.38,11.97,12.27,12.99,10.41,12.07,13.18,11.58,11.66,10.68,11.41,12.57,12.65,13.32,13.5,13.5,13.5
CHN,China,Asia,Northern Hemisphere,High,EAP,79,5.38,5.59,5.94,6.48,6.45,7.23,7.88,7.85,7.84,8.02,8.16,8.66,9.19,9.8,10.63,11.32,12.11,12.72,13.29,15.78,17.23,18.46,19.84,21.37,21.77,21.29,21.73,21.51,21.34,21.96,21.96,21.96
CIV,Ivory Coast,Africa,Northern Hemisphere,Medium,SSA,159,3.26,3.21,3.28,3.23,2.75,2.85,2.74,3.26,3.25,3.14,3.46,3.51,3.59,3.42,3.43,3,2.97,3.13,2.94,3.17,3.1,3.17,3.03,3.27,3.21,3.57,4.04,3.8,3.34,3.26,3.26,3.26
CMR,Cameroon,Africa,Northern Hemisphere,Medium,SSA,151,1.99,1.67,1.85,1.77,1.35,1.28,1.39,1.44,1.48,1.48,1.45,1.62,1.67,1.68,1.66,1.63,1.6,1.66,1.64,1.62,1.49,1.56,1.63,1.73,1.82,1.91,1.79,1.73,2.06,2.13,2.13,2.13
COD,The Democratic Republic of the Congo,Africa,Northern Hemisphere,Low,SSA,179,2.9,2.85,2.73,2.83,2.6,2.36,2.47,2.37,2.34,2.18,2.31,2.42,2.32,2.19,2.15,2.45,2.41,2.21,2.36,2.35,2.15,2.11,2.67,2.63,2.66,2.82,2.77,2.4,2.68,2.75,2.75,2.75
COG,Congo,Africa,Southern Hemisphere,Medium,SSA,153,6.38,5.56,6.21,6.22,6.05,5.86,6.01,5.48,5.6,4.7,4.21,4.03,3.89,3.79,3.74,3.16,3.2,4.23,4.16,3.89,2.88,3.78,2.83,3.7,3.45,3.61,3.36,3.16,2.21,1.88,1.88,1.88
COL,Colombia,America,Northern Hemisphere,High,LAC,88,7.88,7.64,8.1,8.67,9.09,9.16,8.83,8.5,8.51,7.85,7.87,7.21,7.16,7.3,7.28,7.85,8.16,8.36,8.56,8.24,8.68,9.31,9.67,9.84,10.2,9.69,9.37,9,8.81,9.09,9.09,9.09
COM,Comoros,Africa,Southern Hemisphere,Medium,SSA,156,,,,,,,,,,,,,,,,,,,,,,,,,,,,,,,,
CPV,Cabo Verde,Africa,Northern Hemisphere,Medium,SSA,128,,,,,,,,,,,,,,,,,,,,,,,,,,,,,,,,
CRI,Costa Rica,America,Northern Hemisphere,Very High,LAC,58,13.38,11.65,12.52,14.16,13.58,11.17,10.89,10.51,11.44,12.34,10.95,11.02,10.36,9.98,9.83,10.8,12.42,13.3,14.02,12.87,15.03,15.68,15.48,17.04,16.48,15.66,16.95,16.98,14.02,14.43,14.43,14.43
CUB,Cuba,America,Northern Hemisphere,High,LAC,83,14.05,14.34,13.44,11.97,11.99,11.27,12.48,12.03,10.07,10.2,8.68,8.54,8.68,7.98,7.99,6.73,7.32,7.61,8.65,8.04,7.23,8.03,8.35,7.87,7.79,8.93,8.75,8.68,8.8,9.19,9.19,9.19
CYP,Cyprus,Asia,Northern Hemisphere,Very High,,29,34.48,34.59,50.65,44.1,49.52,46.77,41.96,43.8,47.13,60.89,52.96,49.76,57.71,75.43,61.39,62.66,67.74,69.23,62.87,49.56,46.44,39.12,35.65,31.5,32.15,32.32,37.77,39,33.71,36.58,36.58,36.58
CZE,Czechia,Europe,Northern Hemisphere,Very High,,32,,,,14.48,16.79,17.8,18.43,18.65,18.02,17.06,18.41,19.01,19.66,20.04,22.19,24.5,23.57,23.92,23.67,21.95,21.91,22.72,21.52,20.51,21.13,21.43,21.4,22.09,21.41,21.3,21.3,21.3
DEU,Germany,Europe,Northern Hemisphere,Very High,,9,22.63,25.29,25.11,26.04,27.11,26.36,24.7,24.42,27.34,27.44,25.71,23.2,21.38,22.17,22.24,19.85,20.85,21.43,21.56,19.85,20.63,21.6,20.36,20.36,20.7,20.06,20.5,21.29,20.23,19.4,19.4,19.4
DJI,Djibouti,Africa,Northern Hemisphere,Low,AS,171,12.02,9.61,10.57,8.4,14.29,12.26,12.85,12.14,17.6,14.38,14.2,14.23,12.25,12.3,11.07,9.39,9.57,9.5,10.17,13.55,13.71,14.04,17.19,20.19,20.05,19.81,13.53,14.28,15.26,15.86,15.86,15.86
DMA,Dominica,America,Northern Hemisphere,High,LAC,102,,,,,,,,,,,,,,,,,,,,,,,,,,,,,,,,
DNK,Denmark,Europe,Northern Hemisphere,Very High,,6,20.26,20.04,19.21,19.53,20.58,22.5,23.37,23.14,31.95,32.97,31.67,30.71,32.82,30.27,33.68,33.57,33.23,32.55,32.04,26.41,24.91,27.21,27.27,26.63,25.85,24.7,24.35,24.86,25.98,25.86,25.86,25.86
DOM,Dominican Republic,America,Northern Hemisphere,High,LAC,80,5.76,5.7,6.05,5.93,5.95,6.68,6.98,7.14,6.89,6.78,7.14,7.37,8.83,7.83,7.4,7.71,7.66,7.53,7.69,6.56,6.8,6.76,8.92,8.69,8.92,9.13,9.74,8.78,9.45,9.54,9.54,9.54
DZA,Algeria,Africa,Northern Hemisphere,High,AS,91,5.88,5.79,5.75,5.33,5.31,4.77,4.51,4.01,4.36,4.07,4.2,4.61,5.78,6.71,6.49,6.62,7.28,8.16,10.13,10.4,9.41,9.56,9.41,9.38,9.52,9.57,9.35,9.13,11.5,11.21,11.21,11.21
ECU,Ecuador,America,Southern Hemisphere,High,LAC,95,6.83,6.59,6.28,6.41,6.99,7.04,7.09,7.2,7.45,5.79,5.93,6.77,7.37,7.28,7.63,7.82,7.97,8.26,9.1,9.55,9.39,9.51,7.84,10.1,10.32,9,7.65,8.06,7.86,7.74,7.74,7.74
EGY,Egypt,Africa,Northern Hemisphere,High,AS,97,4.4,4.72,4.79,4.68,5.06,5.21,5.49,5.27,4.49,4.42,4.07,4.25,6.62,6.5,5.71,4.93,5.07,5.18,5.53,5.57,6.01,5.53,6.86,6.47,6.67,6.84,7.16,7.14,7.94,8.22,8.22,8.22
ERI,Eritrea,Africa,Northern Hemisphere,Low,SSA,176,0.95,0.65,0.71,3.61,4.92,5.56,6.02,6.26,6.58,6.73,6.17,6.04,5.93,6.36,6.48,5.86,5.45,5.17,4.63,4.8,5.03,4.35,4.27,4.5,4.1,4.01,4.3,4.12,3.28,3.47,3.47,3.47
ESP,Spain,Europe,Northern Hemisphere,Very High,,27,17.9,18.44,18.63,16.52,17.26,17.66,16.83,15.86,18.12,18.84,18.53,19.98,21.41,23.48,23.37,25.19,26.64,26.03,23.58,19.47,17.5,16.61,13.68,15.85,15.96,15.75,15.42,14.11,13.99,13.48,13.48,13.48
EST,Estonia,Europe,Northern Hemisphere,Very High,,31,,22.06,71.2,67.54,59.47,50.89,41.17,33.92,32.41,34.08,22.81,25.04,23.68,35.13,27.01,34,41.76,41.39,37.57,33.22,31.66,31.42,34,36.93,37.56,39.23,44.31,44.54,36.99,37.53,37.53,37.53
ETH,Ethiopia,Africa,Northern Hemisphere,Low,SSA,175,,,,2.38,0.4,0.34,0.35,0.27,0.21,0.3,0.44,0.4,0.4,0.43,0.37,0.32,0.38,0.35,0.54,0.59,0.58,0.39,0.43,0.42,0.45,0.56,0.6,0.61,0.5,0.47,0.47,0.47
FIN,Finland,Europe,Northern Hemisphere,Very High,,11,26.54,26.64,26.78,24.83,27.05,27.35,27.64,26.64,32.79,37.56,36.83,37.24,39.68,40.49,41.48,42.09,45.01,46.39,48.17,40.07,38.81,39.66,38.56,38.22,39.24,36.9,38.35,37.39,37.83,36.73,36.73,36.73
FJI,Fiji,Oceania,Southern Hemisphere,High,EAP,99,,,,,,,,,,,,,,,,,,,,,,,,,,,,,,,,
FRA,France,Europe,Northern Hemisphere,Very High,,28,17.74,18.68,18.06,17.07,17.59,17.83,17.3,17.16,18.09,18.39,17.6,17.69,17.15,17.21,17.56,20.02,20.16,21.36,21.6,19.57,19.65,20.33,20.9,20.95,20.75,20.15,19.79,19.7,17.61,17.1,17.1,17.1
FSM,Micronesia,Oceania,Northern Hemisphere,Medium,EAP,134,,,,,,,,,,,,,,,,,,,,,,,,,,,,,,,,
GAB,Gabon,Africa,Southern Hemisphere,High,SSA,112,13.41,11.01,12.37,11.65,9.67,9.26,9.58,9.52,11.16,9.99,12.34,9.74,9.72,10.4,8.8,7.53,8.11,7.79,7.83,7.91,15.46,15.96,15.43,15.41,15.05,14.44,13.99,13.28,9.67,9.15,9.15,9.15
GBR,United Kingdom,Europe,Northern Hemisphere,Very High,,18,20.79,20.49,20.36,20.39,20.83,20.41,20.23,21.4,22.34,21.87,22.33,22.48,21.68,20.82,21.58,23.06,23.87,22.25,19.63,17.25,17.03,17.46,17.94,17.86,19.09,18.97,18.27,18.2,18.01,17.85,17.85,17.85
GEO,Georgia,Asia,Northern Hemisphere,Very High,ECA,63,,5.23,9.24,7.53,7.34,4.16,4.51,5.41,5.5,5.46,5.55,6.02,6.81,7.41,7.95,7.89,8.56,9.9,12.4,9.43,9.22,11.13,12.48,11.27,11.59,11.64,12.28,11.99,12.19,10.35,10.35,10.35
GHA,Ghana,Africa,Northern Hemisphere,Medium,SSA,133,2.19,2.5,2.55,2.56,2.27,2.58,3.39,3.18,2.69,2.56,2.21,2.09,2.46,2.49,2.48,2.67,2.61,2.56,2.79,2.46,2.76,3.61,3.95,3.75,3.21,3.33,3.23,3.35,3.84,3.92,3.92,3.92
GIN,Guinea,Africa,Northern Hemisphere,Low,SSA,182,3.56,3.38,3.45,3.39,3.46,3.87,3.81,3.71,3.51,4.03,3.94,3.94,4.39,4.6,4.51,4.13,3.99,3.89,3.79,3.92,3.77,3.91,4.12,4.22,4.15,4.3,5.35,4.64,4.37,4.77,4.77,4.77
GMB,Gambia,Africa,Northern Hemisphere,Low,SSA,174,11.57,8.99,9.7,9.24,8.58,7.88,7.37,6.67,7.11,6.66,8.22,6.41,5.82,6.8,6.68,5.32,5.32,4.42,4.56,4.66,4.48,4.12,4.53,4.21,4.35,4.36,4.7,4.85,3.59,3.77,3.77,3.77
GNB,Guinea-Bissau,Africa,Northern Hemisphere,Low,SSA,177,,,,,,,,,,,,,,,,,,,,,,,,,,,,,,,,
GNQ,Equatorial Guinea,Africa,Northern Hemisphere,Medium,SSA,145,11.84,13.28,14.57,12.69,8.1,12.32,14.3,15.26,15.26,10.54,9.94,14,21.94,25.33,25.37,31.51,30.4,30.57,32.26,34.05,30.76,30.09,31.59,29.81,28.68,26.03,23.22,21.03,13.85,15.89,15.89,15.89
GRC,Greece,Europe,Northern Hemisphere,Very High,,33,16.97,17.27,16.33,17.31,17.37,19.07,20.6,19.44,21.86,22.71,21.7,25.06,26.93,27.06,28.67,22.18,23.04,25.47,29.71,25.74,19,18,20.2,19.36,18.79,17.81,16.77,15.94,14.94,15.17,15.17,15.17
GRD,Grenada,America,Northern Hemisphere,High,LAC,68,,,,,,,,,,,,,,,,,,,,,,,,,,,,,,,,
GTM,Guatemala,America,Northern Hemisphere,Medium,LAC,135,2.81,2.74,2.97,2.86,3.26,3.25,3.21,3.25,3.26,2.96,3.16,3.48,4.03,4.36,4.5,4.45,4.3,4.55,4.65,4.13,4.4,4.35,4.68,5.4,5.78,5.06,5.1,4.91,7.07,7.24,7.24,7.24
GUY,Guyana,America,Northern Hemisphere,High,LAC,108,,,,,,,,,,,,,,,,,,,,,,,,,,,,,,,,
HKG,Hong Kong,Asia,Northern Hemisphere,Very High,,4,,,,,,,,,,,,,,,,,,,,,,,,,,,,,,,,
HND,Honduras,America,Northern Hemisphere,Medium,LAC,137,3.7,3.26,3.34,3.3,3.33,3.06,3.25,3.35,3.29,3.31,3.42,3.62,3.83,4.46,4.4,4.29,4.34,4.62,4.45,4.1,4.01,4.01,4.09,4.1,4.17,4.13,4.02,4.39,6.18,6.06,6.06,6.06
HRV,Croatia,Europe,Northern Hemisphere,Very High,,40,,5.76,8.31,9.02,8.54,10.31,10.34,13.45,14.77,14.38,12.45,14.53,16.02,19.91,19.39,21.6,23.25,23.66,24,20.88,18.55,20.85,16.7,16.33,15.32,15.74,16.97,16.48,16.81,17.06,17.06,17.06
HTI,Haiti,America,Northern Hemisphere,Low,LAC,163,4.46,4.18,3.79,2.85,2.6,2.47,2.46,2.54,2.64,2.92,2.96,2.95,3.09,3.08,3.04,2.85,2.76,2.71,2.64,2.61,2.59,2.6,2.52,2.45,2.69,2.51,2.49,2.59,2.45,2.4,2.4,2.4
HUN,Hungary,Europe,Northern Hemisphere,Very High,,46,12.97,14.19,12.16,13.12,14.15,12.68,12.77,14.09,14.66,14.97,14.48,14.76,15.15,15.23,17.87,21.39,18.28,16.04,16.87,14.95,13,12.88,11.92,13.24,14.93,13.55,13.92,13.85,14.75,15.27,15.27,15.27
IDN,Indonesia,Asia,Southern Hemisphere,High,EAP,114,3.15,3.32,3.47,3.62,4.04,4.38,4.32,4.03,3.1,3.45,3.52,3.66,3.8,3.96,4.01,4.51,4.62,4.93,5.06,4.77,5.21,5.61,6.58,6.5,6.53,6.65,6.34,6.48,6.66,6.77,6.77,6.77
IND,India,Asia,Northern Hemisphere,Medium,SA,132,3.14,3.12,3.16,3,3.02,3.07,3.2,3.33,3.37,3.54,3.57,3.44,3.35,3.48,3.45,3.37,3.55,3.98,4.05,4.18,4.52,4.86,4.71,4.7,4.6,4.76,4.78,4.84,5.11,5.23,5.23,5.23
IRL,Ireland,Europe,Northern Hemisphere,Very High,,8,21.83,35.42,35.89,33.35,35.08,36.84,41.11,40.8,31.12,50.54,49.45,53.65,55.33,52.88,53,56.22,64.51,57.23,47.28,38.01,25.8,24.34,25.27,25.38,26.37,27.92,32.19,31.29,37.25,49.25,49.25,49.25
IRN,Iran,Asia,Northern Hemisphere,High,SA,76,7.25,7.59,7.67,7.23,6.97,7.79,7.88,7.77,7.98,7.61,7.86,8.48,8.38,9.34,10.31,9.29,10.94,12.28,11.38,12.55,12.44,12.9,14.09,12.06,11.88,11.06,10.9,10.96,12.53,13.16,13.16,13.16
IRQ,Iraq,Asia,Northern Hemisphere,Medium,AS,121,4.15,4.75,7.22,5.31,5.22,4.88,5.24,7.03,9.4,10.41,12.04,12.03,7.17,5.7,8.98,7.26,5.8,5.92,5.88,8.88,7.18,6.27,6.11,7.1,6.31,5.67,7.18,7.11,10.54,11.87,11.87,11.87
ISL,Iceland,Europe,Northern Hemisphere,Very High,,3,68.91,60.05,72.88,74.53,66.17,64.68,61.85,62.35,70.26,66.7,56.34,52.47,46.48,48.99,56.39,77.36,87.93,83.82,72.45,55.4,55.15,59.92,71.15,72.88,73.13,74.87,83.51,88.7,67.8,59.61,59.61,59.61
ISR,Israel,Asia,Northern Hemisphere,Very High,,22,28.15,31.67,31.03,31.88,23.24,23.52,27.96,27.85,29.28,29.55,32.99,28.49,30.45,25.73,24.07,23.44,24.09,23.46,22.81,20.38,22.61,25.11,25.07,25.55,26,28.57,26.49,28.61,29.83,30.76,30.76,30.76
ITA,Italy,Europe,Northern Hemisphere,Very High,,30,19.25,20.66,20.61,18.22,19.1,19.64,19.4,19.63,21.83,22.92,22.06,22.09,23.04,22.76,22.64,23.47,24.37,23.4,19.5,16.71,16.94,16.49,14.32,13.74,13.37,13.16,13.48,13.55,12.33,11.85,11.85,11.85
JAM,Jamaica,America,Northern Hemisphere,High,LAC,110,9.87,8.58,8.36,8.22,9.03,9.24,9.69,9.66,9.45,9.31,10.34,10.46,11.57,11.93,11.16,11,11.1,10.91,11.63,8.9,8.64,9.49,10.47,9.73,9.21,9.28,9.3,9.65,9.56,9.95,9.95,9.95
JOR,Jordan,Asia,Northern Hemisphere,High,AS,102,9.96,8.65,11.91,11.82,11.65,10.43,10.22,11.77,8.19,8.35,8.9,9.17,12.99,12.99,13.92,11.27,11.38,11.73,12.58,12.25,10.62,10.58,9.67,9.12,8.17,8.23,7.38,8.49,7.56,7.03,7.03,7.03
JPN,Japan,Asia,Northern Hemisphere,Very High,,19,22.26,23.55,22.8,23,24.29,24.72,23.3,22.85,21.51,21.81,22.25,23.27,22.13,22.11,22.28,22.91,23.21,21.48,21.7,18.23,19.68,21.8,22.57,22.8,22.42,20.3,19.28,19.47,18.89,18.18,18.18,18.18
KAZ,Kazakhstan,Asia,Northern Hemisphere,Very High,ECA,56,,22.62,19.15,14.34,14.93,13.92,14.89,13.88,13.24,9.79,10.61,12.8,12.38,17.09,21.23,29.17,33.71,37.72,30.48,33.54,29.42,28.79,32.09,38.56,39.4,44.26,37.86,34.22,32.72,34.41,34.41,34.41
KEN,Kenya,Africa,Northern Hemisphere,Medium,SSA,152,3.71,3.49,3.47,2.88,2.91,3.06,2.76,2.64,3.39,3.24,3.43,3.55,3.02,3.03,3.09,3.23,3.28,4.03,4.37,4.21,4.27,4.23,4.48,4.6,4.72,5.08,4.94,4.95,4.62,4.62,4.62,4.62
KGZ,Kyrgyzstan,Asia,Northern Hemisphere,Medium,ECA,118,,2.97,7.06,6.72,4.76,4.5,4.35,4.48,5.62,5.2,5.24,5.25,6.7,8.67,9.19,6.37,6.24,7.12,8.11,7.14,6.75,7.48,8.41,8.47,9.39,8.93,8.62,9.19,8.98,7.82,7.82,7.82
KHM,Cambodia,Asia,Northern Hemisphere,Medium,EAP,146,3.42,3.16,3.22,3.22,3.14,3.16,3.33,3.3,3.18,3.23,3.27,3.09,3.17,3.37,3.76,3.33,3.55,3.36,3.85,4.54,6.44,5.04,5.03,5.01,4.73,4.92,5.37,5.42,5.23,5.7,5.7,5.7
KIR,Kiribati,Oceania,Northern Hemisphere,Medium,EAP,136,,,,,,,,,,,,,,,,,,,,,,,,,,,,,,,,
KNA,Saint Kitts and Nevis,America,Northern Hemisphere,High,LAC,75,,,,,,,,,,,,,,,,,,,,,,,,,,,,,,,,
KOR,South Korea,Asia,Northern Hemisphere,Very High,,19,12.64,15.08,16.19,15.39,17.88,20.23,20.13,20.39,14.1,18.12,20.05,19.85,19.2,20.8,22.03,22.65,23.82,25.32,23.35,19.57,21.33,22.66,21.8,21.21,21.49,21.49,21.6,22.72,21.65,22.01,22.01,22.01
KWT,Kuwait,Asia,Northern Hemisphere,Very High,AS,50,41.03,43.19,45.76,76.96,79.25,98.33,107.42,99.28,88.1,64.31,70.82,61.16,63.08,76.25,95.45,82.72,83.78,83,76.53,64.5,54.05,53.39,54.39,52.64,51.6,55.47,56.98,53.82,61.33,65.32,65.32,65.32
LAO,Lao,Asia,Northern Hemisphere,Medium,EAP,140,4.68,4.22,4.46,4.41,4.66,4.52,4.61,4.62,4.25,3.95,4.54,4.44,4.62,4.51,4.69,4.69,4.76,5.1,5.63,5.61,6.64,5.36,6.68,6.82,7.46,8.52,8.76,8.72,9.61,9.64,9.64,9.64
LBN,Lebanon,Asia,Northern Hemisphere,High,AS,112,10.81,12.15,13.76,19.02,21.81,20.05,23.16,20.73,13.42,7.83,6.39,11.43,14.78,15.22,17.88,14.61,15.84,14.74,17.38,19.71,20.2,20.64,19.73,18.94,16.94,15.45,14.75,14.4,13.1,12.4,12.4,12.4
LBR,Liberia,Africa,Northern Hemisphere,Low,SSA,178,2.98,3.28,2.98,2.44,2.41,2.02,2.09,2.45,2.59,3.32,3.43,2.72,2.62,2.79,7.59,5.23,4.54,3.1,3.54,3.6,3.45,3.42,3.4,3.23,3.39,3.62,3.64,3.54,2.77,2.71,2.71,2.71
LBY,Libya,Africa,Northern Hemisphere,High,AS,104,9.06,11.87,9.85,12.41,11.01,8.28,8.31,6.98,7.29,6.04,5.63,4.47,5.01,5.21,5.24,5.41,5.03,5.52,8,10.27,8.18,8.5,15.32,16.25,14.39,8.61,8.6,11.21,15.55,16.08,16.08,16.08
LCA,Saint Lucia,America,Northern Hemisphere,High,LAC,106,,,,,,,,,,,,,,,,,,,,,,,,,,,,,,,,
LIE,Liechtenstein,Europe,Northern Hemisphere,Very High,,16,,,,,,,,,,,,,,,,,,,,,,,,,,,,,,,,
LKA,Sri Lanka,Asia,Northern Hemisphere,High,SA,73,1.73,2.05,2.45,2.49,2.85,2.79,2.82,2.92,2.81,2.72,2.99,3.01,3.2,3.41,3.24,3.43,3.87,4.33,4.63,3.85,4.32,6,5.68,3.52,5.73,6.2,4.55,7.29,4.33,4.36,4.36,4.36
LSO,Lesotho,Africa,Southern Hemisphere,Low,SSA,168,,,,,,,,,,,,,,,,,,,,,,,,,,,,,,,,
LTU,Lithuania,Europe,Northern Hemisphere,Very High,,35,,9.1,19.67,39.85,24.26,22.25,21.03,22.4,27.58,27.66,25.74,25.9,32.54,31.77,31.76,28.62,29.15,36.85,45.93,31.19,33.61,37.09,38.46,39.23,41.49,36.91,37.99,39.93,38.38,40.13,40.13,40.13
LUX,Luxembourg,Europe,Northern Hemisphere,Very High,,17,36.87,38.44,40.54,37.68,38.93,36.09,33.78,36.6,42.33,56.02,48.63,46.69,47.6,56.02,67.32,77.8,68.48,68.7,51.87,42.43,47.05,50.69,56.46,62.16,57.31,51.55,46.52,46.69,42.21,45.47,45.47,45.47
LVA,Latvia,Europe,Northern Hemisphere,Very High,,39,,16.56,34.92,23.09,18.93,16.47,15.98,16.18,21.23,20.18,19.81,18.28,20.52,20.89,22.82,27.35,29.14,35.49,32.12,24.67,24.72,26.97,31.44,29.67,33.02,29.74,31.17,31.53,31.52,31.04,31.04,31.04
MAR,Morocco,Africa,Northern Hemisphere,Medium,AS,123,3.75,3.96,4.09,3.73,4.06,4.07,4.44,4.23,4.79,4.43,4.11,4.46,4.38,4.87,4.65,6.3,6.69,6.67,7.11,7.7,7.67,7.85,7.85,7.93,7.53,6.86,6.66,6.89,6.95,6.95,6.95,6.95
MCO,Monaco,Europe,Northern Hemisphere,,,,,,,,,,,,,,,,,,,,,,,,,,,,,,,,,,,
MDA,Moldova,Europe,Northern Hemisphere,High,ECA,80,,28.24,17.74,16.97,15.61,15.53,13.81,17.99,8.72,5.07,6.09,7.05,15.67,18.82,17.46,5.31,5.11,5.27,6.39,5.55,5.07,5.44,4.4,4.27,4.35,3.8,3.8,4.05,3.55,3.41,3.41,3.41
MDG,Madagascar,Africa,Southern Hemisphere,Low,SSA,173,3.11,2.84,2.84,2.92,2.67,2.52,2.49,2.47,2.36,2.18,2.09,1.9,1.93,2.11,1.95,2.07,2.07,2.23,2.36,2.21,2.13,2.06,2.08,2.12,2.12,2.04,1.99,1.97,1.53,1.51,1.51,1.51
MDV,Maldives,Asia,Northern Hemisphere,High,SA,90,,,,,,,,,,,,,,,,,,,,,,,,,,,,,,,,
MEX,Mexico,America,Northern Hemisphere,High,LAC,86,8.37,8.69,9.95,9.48,10.35,8.05,8.59,9.09,10.29,10.2,10.78,10.83,10.62,10.26,10.82,10.9,11.32,11.53,11.63,10.15,10.73,11.07,10.53,10.3,10.12,9.81,9.74,10.05,10.89,10.85,10.85,10.85
MHL,Marshall Islands,Oceania,Northern Hemisphere,Medium,EAP,131,,,,,,,,,,,,,,,,,,,,,,,,,,,,,,,,
MKD,North Macedonia,Europe,Northern Hemisphere,High,ECA,78,,3.22,10.64,12.06,13.9,14.96,14.45,13.14,17.72,17.28,17.87,17.34,20.12,20.74,22.32,20.7,15.24,16.54,17.37,15.08,13.48,15.83,15.41,15.16,15.12,14.68,16.89,14.33,13,12.29,12.29,12.29
MLI,Mali,Africa,Northern Hemisphere,Low,SSA,186,2.66,2.31,2.3,2.32,1.98,2.62,2.68,2.32,2.85,2.62,2.48,2.39,2.1,3.64,3.49,3.06,3.37,3.51,3.31,3.65,3.59,3.32,3.57,2.95,3.43,2.9,3.76,3.86,4.59,4.57,4.57,4.57
MLT,Malta,Europe,Northern Hemisphere,Very High,,23,55.72,47.63,50.64,48.76,51.99,48.93,47.37,50.29,53.86,50.43,50.89,56.38,58.92,53.53,46.12,47.04,42.2,40.91,38.55,42.09,50.2,53.8,47.41,45.38,42.57,46.45,47.96,46.99,38.82,40.67,40.67,40.67
MMR,Myanmar,Asia,Northern Hemisphere,Medium,EAP,149,2.38,2.37,1.99,1.71,1.89,2.07,2.06,1.87,1.5,1.4,1.26,1.26,1.44,1.6,1.59,1.53,1.5,1.7,1.94,2.07,2.09,2.54,2.43,2.53,3.15,2.45,2.35,2.24,2.11,2.06,2.06,2.06
MNE,Montenegro,Europe,Northern Hemisphere,Very High,ECA,49,,,,,,,,,,,,,,,,,,,,,,,,,,,,,,,,
MNG,Mongolia,Asia,Northern Hemisphere,High,EAP,96,14.62,24.36,22.06,17.23,15.19,18.08,18.89,15.96,17,16.21,13.3,14.47,13.37,10.88,14.29,10.34,7.76,9.6,11.06,11.67,10.05,11.5,12.97,13.79,14.53,14.64,12.65,12.26,11.15,10.62,10.62,10.62
MOZ,Mozambique,Africa,Southern Hemisphere,Low,SSA,185,2.81,2.39,2.06,2.16,2.06,2.03,2.16,2.25,2.27,2.37,2.32,2.27,2.49,2.71,2.88,2.27,2.32,2.21,2.48,2.73,2.79,3.23,3.24,3,3.63,3.51,3.28,3.28,2.18,2.19,2.19,2.19
MRT,Mauritania,Africa,Northern Hemisphere,Medium,SSA,158,7.42,6.99,7.36,7.53,6.89,5.86,6.27,5.57,5.23,5.96,5.82,5.93,6,5.88,5.9,5.77,5.05,4.73,4.63,4.47,4.61,4.13,4.71,4.61,4.3,4.58,4.2,3.89,6.97,7.75,7.75,7.75
MUS,Mauritius,Africa,Southern Hemisphere,Very High,SSA,63,,,,,,,,,,,,,,,,,,,,,,,,,,,,,,,,
MWI,Malawi,Africa,Southern Hemisphere,Low,SSA,169,2.04,2.21,1.87,2.3,1.56,1.65,1.92,1.74,1.79,1.82,2.14,1.94,2.21,2.15,2.14,1.8,1.77,1.66,1.84,1.8,1.86,1.91,1.99,1.91,1.62,1.54,1.63,1.66,1.6,1.71,1.71,1.71
MYS,Malaysia,Asia,Northern Hemisphere,Very High,EAP,62,9.63,11,11.66,13.23,13.65,14.72,15.52,15.5,10.91,11.31,14.41,13.62,13.06,13.39,13.49,12.74,13.69,14.5,14.34,14.37,15.71,18.24,19.95,19.02,18.29,18.88,18.63,19.93,19.35,19.59,19.59,19.59
NAM,Namibia,Africa,Southern Hemisphere,Medium,SSA,139,11.92,11.58,11.52,11.46,10.51,10.52,11.1,11.44,11.21,12.17,11.84,12.47,13.47,15.59,15.82,14.67,14.85,13.86,14.1,15.76,15.24,15.34,16.73,15.68,14.42,15.31,13.37,14.79,12.24,11.92,11.92,11.92
NER,Niger,Africa,Northern Hemisphere,Low,SSA,189,4.57,4.62,4.69,4.52,4.09,4.04,3.11,3.73,3.95,3.74,3.33,3.93,3.78,4.2,4.32,4.23,4.52,4.79,4.84,4.69,5.22,4.65,4.62,4.32,4.57,4.49,4.6,4.56,4.14,4.19,4.19,4.19
NGA,Nigeria,Africa,Northern Hemisphere,Low,SSA,163,1.41,1.5,1.51,1.66,1.75,1.55,1.7,1.64,1.59,2.99,3.26,2.62,2.66,2.76,2.78,3,3.02,3.18,3.54,3.01,3.18,3.02,3,3.43,3.79,3.8,3.8,3.23,3.53,3.6,3.6,3.6
NIC,Nicaragua,America,Northern Hemisphere,Medium,LAC,126,4.56,4.42,4.96,4.38,4.56,4.97,4.98,5.15,4.57,4.54,4.56,4.74,5.87,5.99,5.92,5.64,5.8,5.73,6.36,5.43,5.14,6.06,6.4,6.59,5.92,6.01,6.06,5.96,5.65,5.4,5.4,5.4
NLD,Netherlands,Europe,Northern Hemisphere,Very High,,10,26.15,26.27,27.23,26.32,30.07,31.14,30.72,30.98,33.39,35.19,34.58,35.62,33.76,34.48,35.91,40.43,41.5,44.12,40.37,35.38,34.02,32.75,29.65,29.76,30.62,31.34,30.66,31.74,33.03,32.26,32.26,32.26
NOR,Norway,Europe,Northern Hemisphere,Very High,,2,29.64,28.27,27.98,29.64,30.09,32.18,32.34,34.18,41.23,43.3,41.07,43.12,42.95,43.47,44.87,35.98,38.28,41.47,44.13,40.14,40.43,44.38,44.36,44.25,41.48,36.13,38.26,38.63,36.73,38.82,38.82,38.82
NPL,Nepal,Asia,Northern Hemisphere,Medium,SA,143,1.59,1.36,1.26,1.25,1.25,1.21,1.23,1.13,1.12,1.03,1.31,1.26,1.55,1.9,1.88,1.78,1.92,2.03,2.18,2.24,2.48,2.5,3.03,3.17,3.38,3.48,4.13,4.58,5.3,5.58,5.58,5.58
NRU,Nauru,Oceania,Southern Hemisphere,,EAP,,,,,,,,,,,,,,,,,,,,,,,,,,,,,,,,,
NZL,New Zealand,Oceania,Southern Hemisphere,Very High,,13,25.31,24.77,25.37,26,26.31,28.37,28.64,29.09,26.07,28.38,28.5,28.39,30.58,31.69,34.25,33.97,32.8,33.94,31.75,28.05,30.28,29.88,29.87,31.98,34.7,32.59,32.7,32.7,30.64,30.7,30.7,30.7
OMN,Oman,Asia,Northern Hemisphere,Very High,AS,54,14.9,15.29,18.99,18.38,16.1,16,14.42,16.57,15.1,13.1,15.95,15.97,21.23,19.39,22.3,16.42,17.93,20.24,22.21,18.48,19.58,20.24,24.81,24.73,20.07,22.63,16.24,20.03,20.76,8.91,8.91,8.91
PAK,Pakistan,Asia,Northern Hemisphere,Low,SA,161,2.66,2.7,2.68,2.69,2.65,2.74,2.84,2.81,2.78,2.65,2.49,2.36,2.37,2.52,2.64,2.82,3.06,3.19,3.36,2.95,2.79,2.88,2.89,2.9,3.06,3.09,3.37,3.67,3.54,3.45,3.45,3.45
PAN,Panama,America,Northern Hemisphere,Very High,LAC,61,7.24,8.42,8.91,9.03,9.5,10.02,10.61,11.16,11.12,9.89,11.32,9.14,10.79,11.18,11.41,11.1,10.85,12.73,15.11,14.14,14.59,14.06,16.09,15.81,15.24,13.77,10.7,11.08,14.53,13.48,13.48,13.48
PER,Peru,America,Southern Hemisphere,High,LAC,84,4.73,4.81,4.65,4.76,5.54,6.4,6.08,6.16,5.77,5.44,5.68,5.88,5.75,5.45,5.54,6.79,6.93,7.5,7.95,6.94,7.98,8.43,8.74,9.15,9.45,9.58,9.32,9.32,9.24,9.43,9.43,9.43
PHL,Philippines,Asia,Northern Hemisphere,Medium,EAP,116,3.71,3.44,3.5,3.68,3.79,3.88,3.96,3.98,3.85,3.75,3.77,4.11,3.99,4.52,4.78,4.61,4.38,4.72,5.18,4.84,4.8,5.41,5.55,5.55,7.66,7.77,8.16,8.45,8.39,8.77,8.77,8.77
PLW,Palau,Oceania,Northern Hemisphere,High,EAP,80,,,,,,,,,,,,,,,,,,,,,,,,,,,,,,,,
PNG,Papua New Guinea,Oceania,Southern Hemisphere,Medium,EAP,156,4.62,4.79,4.8,4.58,4.97,4.7,5.35,5.24,3.56,2.94,2.65,2.83,2.8,3.79,2.99,2.58,3.03,3.28,3.38,4.24,4.68,5.36,5.62,5.19,4.6,3.71,3.83,3.79,5.82,5.23,5.23,5.23
POL,Poland,Europe,Northern Hemisphere,Very High,,34,13.52,15.17,13.33,13.46,13.06,13.42,14.5,15.35,15.64,16.17,16.69,15.33,14.74,14.74,15.28,14.36,15.39,17.46,18.88,17.52,17.49,19.91,18.03,16.55,17.12,17.55,17.96,17.93,17.78,17.85,17.85,17.85
PRK,North Korea,Asia,Northern Hemisphere,,EAP,,1.52,1.2,1.66,2.66,2.16,2.27,2.04,1.6,1.29,1.52,1.56,1.32,1.25,1.41,1.16,1.36,1.41,1.33,1.26,1.39,1.06,0.96,0.96,0.87,0.9,1.03,1.14,0.93,0.74,0.75,0.75,0.75
PRT,Portugal,Europe,Northern Hemisphere,Very High,,38,13.56,14.22,14.77,14.99,17.06,16.43,17.96,18.6,20.5,23.99,25.9,26.32,25.43,22.86,22.46,23.8,22.19,22.22,18.91,18.05,18.53,17.14,13.87,12.56,12.83,13.33,13.55,13.98,12.34,12.25,12.25,12.25
PRY,Paraguay,America,Southern Hemisphere,High,LAC,105,14.86,14.77,18.56,21.88,22.09,21.88,25.95,27.62,26.72,23.86,23.07,22.67,22.23,24.56,23.37,17.73,19.53,19.6,19.3,19.78,14.86,17.43,15.81,17.13,17.68,18.46,17.98,19.07,18.12,18.93,18.93,18.93
PSE,"Palestine, State of",Asia,Northern Hemisphere,High,AS,106,,,,,,,,,,,,,,,,,,,,,,,,,,,,,,,,
QAT,Qatar,Asia,Northern Hemisphere,Very High,AS,42,27.53,26.91,31.58,27.01,23.99,28.32,25.86,26.68,28.46,25.58,28.56,38.11,36.35,37.39,36.64,39.63,63.51,68.79,63.11,48.29,43.53,46.18,45.28,41.15,46.8,47.71,51.08,44.9,33.57,33.72,33.72,33.72
ROU,Romania,Europe,Northern Hemisphere,Very High,,53,12.24,11,10.51,10.61,10.23,10.77,10.49,10.28,9.84,8.67,8.18,9.66,8.62,9.28,11.18,11.07,12.29,13.64,16.44,12.81,13.32,15.56,14.45,13.74,13.72,15.52,15.39,15.21,15.45,16.04,16.04,16.04
RUS,Russian Federation,Europe,Northern Hemisphere,Very High,,52,,14.02,12.11,10.42,7.59,7.2,6.55,7.05,5.14,4.6,5.32,6,5.88,5.93,6.86,7.16,7.63,8.23,9.28,8.08,8.03,10.07,9.81,10.37,9.99,8.67,9.07,9.57,9.17,9.49,9.49,9.49
RWA,Rwanda,Africa,Southern Hemisphere,Low,SSA,165,2.22,1.9,2.17,2.4,3,2.29,2.16,2.41,2.28,2.26,2.12,2.06,1.99,2.02,2.15,1.88,1.82,1.74,2.08,2.32,2.4,2.23,2.27,2.26,2.11,2.14,2.2,2.23,1.98,2,2,2
SAU,Saudi Arabia,Asia,Northern Hemisphere,Very High,AS,35,20.64,21.95,23.2,24.42,22.46,18.73,18.83,17.99,18.37,17.61,18.91,20.95,20.93,21.76,21.96,20.25,24.32,27.14,26.28,27.55,28.55,24.82,28.49,29.86,33.91,38.66,32.71,31.78,28.79,30.03,30.03,30.03
SDN,Sudan,Africa,Northern Hemisphere,Low,AS,172,,,,,,,,,,,,,,,,,,,,,,2.24,10.74,11.93,12.1,9.4,11.81,9.14,11.37,11.25,11.25,11.25
SEN,Senegal,Africa,Northern Hemisphere,Low,SSA,170,4.12,3.96,4.13,4.07,3.65,3.7,3.66,3.19,3.25,3.15,3.35,3.68,3.94,4.1,4.08,4.41,4.13,4.68,5.06,4.35,4.25,3.95,4.05,4.56,4.22,4.33,4.36,4.44,4.05,4.09,4.09,4.09
SGP,Singapore,Asia,Northern Hemisphere,Very High,EAP,12,35.05,39.69,46.26,54.35,57.31,65.09,63.96,73.82,61.15,55.14,63.85,63.33,57.52,44.01,41.51,58.56,53.29,61.9,65.72,54.36,51.02,53.44,55.21,64.83,53.25,54.48,56.53,55.48,47.32,50.43,50.43,50.43
SLB,Solomon Islands,Oceania,Southern Hemisphere,Medium,EAP,155,,,,,,,,,,,,,,,,,,,,,,,,,,,,,,,,
SLE,Sierra Leone,Africa,Northern Hemisphere,Low,SSA,181,2.24,1.73,1.82,2.08,2.13,2.22,2.63,2.2,1.92,1.73,2.03,1.99,2.39,2.48,2.32,1.67,1.74,1.77,1.8,1.83,1.79,2.27,2.36,2.49,2.63,2.21,2.72,2.94,2,2.12,2.12,2.12
SLV,El Salvador,America,Northern Hemisphere,Medium,LAC,125,4.93,5.51,5.87,6.13,6.08,6.18,6.93,6.69,7.41,7.71,7.55,7.84,8.18,8.04,7.52,7.77,8.17,9.12,8.01,7.28,7.58,7.77,8.11,8.07,8.05,8.5,8.08,7.89,5.93,5.87,5.87,5.87
SMR,San Marino,Europe,Northern Hemisphere,Very High,,44,,,,,,,,,,,,,,,,,,,,,,,,,,,,,,,,
SOM,Somalia,Africa,Northern Hemisphere,,AS,,6.74,5.74,5.39,5.95,6.51,6.44,6.35,6.28,6.2,6.25,6.1,6,5.84,5.83,5.73,5.51,5.13,4.78,4.54,4.53,4.42,4.31,4.36,4.19,4.06,3.93,3.74,3.68,3.68,3.5,3.5,3.5
SRB,Serbia,Europe,Northern Hemisphere,Very High,ECA,63,,,4.61,3.59,3.18,3.17,3.23,3.11,3.96,3.33,4.19,5.1,5.47,6.24,8.41,7.73,14.87,13.1,15.89,13.34,15.54,16.97,16.07,15.77,15.72,15.09,15.57,16.48,15.21,15.65,15.65,15.65
SSD,South Sudan,Africa,Northern Hemisphere,Low,SSA,191,0.01,0.01,0.01,0.01,0.01,0.01,0.02,0.01,0.01,0.01,0.01,0.01,0.01,0.01,0.01,0.01,0.01,0.01,0.27,0.27,0.26,0.95,5.34,5.36,5.57,6.76,5.22,5.17,4.73,4.78,4.78,4.78
STP,Sao Tome and Principe,Africa,Northern Hemisphere,Medium,SSA,138,,,,,,,,,,,,,,,,,,,,,,,,,,,,,,,,
SUR,Suriname,America,Northern Hemisphere,High,LAC,99,,,,,,,,,,,,,,,,,,,,,,,,,,,,,,,,
SVK,Slovakia,Europe,Northern Hemisphere,Very High,,45,,12.95,15.03,22.2,19.86,21.1,22.18,22.21,20.03,18.26,12.19,12.18,12.27,12.02,14.07,15.54,16.05,18.45,19.88,18.64,19.54,19.81,20.13,20.04,20.97,21.54,22.58,21.91,18.96,19.14,19.14,19.14
SVN,Slovenia,Europe,Northern Hemisphere,Very High,,23,,11.26,18.29,22.81,18.06,19.92,20.37,20.66,28.16,28.82,30.96,30.97,30.26,33.85,33.78,29.84,31.93,31.46,33.91,30.06,28.51,29.12,27.34,26.35,25.92,25.28,26.99,26.39,24.63,25.38,25.38,25.38
SWE,Sweden,Europe,Northern Hemisphere,Very High,,7,16.97,16.91,17.08,15.81,16.61,17.12,19.28,19.64,22.87,22.98,24.33,24.14,24.89,24.88,23.97,31.38,31.68,32.67,30.95,23.66,27.95,29.08,29.07,27.96,29.25,29.11,29.48,29.42,27.44,26.72,26.72,26.72
SWZ,Eswatini,Africa,Southern Hemisphere,Medium,SSA,144,,,,,,,,,,,,,,,,,,,,,,,,,,,,,,,,
SYC,Seychelles,Africa,Southern Hemisphere,High,SSA,72,,,,,,,,,,,,,,,,,,,,,,,,,,,,,,,,
SYR,Syrian Arab Republic,Asia,Northern Hemisphere,Medium,AS,150,3.15,4.07,4.13,4.92,5.01,4.96,4.38,3.38,3.99,3.46,3.39,4.8,3.58,3.56,4.43,3.05,2.6,2.89,3.05,3.37,2.96,4.52,3.12,2.4,2.23,2.16,2.07,2.21,1.88,1.91,1.91,1.91
TCD,Chad,Africa,Northern Hemisphere,Low,SSA,190,4.26,5.41,5.73,5.71,5.51,5.74,5.71,5.8,5.93,6,6.27,6.39,7.25,7.41,6.72,6.07,6.17,6.3,6.5,6.85,7,6.82,7.12,7.14,7.51,8.02,8.32,8.41,8.16,8.26,8.26,8.26
TGO,Togo,Africa,Northern Hemisphere,Low,SSA,162,5.31,4.36,4.36,4.37,3.89,4.26,5.03,4.75,4.12,3.91,5.85,4.2,4.52,4.08,4.39,3.73,3.94,3.83,4.17,3.56,4.05,5.22,5.83,4.41,4.6,4.87,4.42,4.16,4.06,4.14,4.14,4.14
THA,Thailand,Asia,Northern Hemisphere,Very High,EAP,66,6.64,7.41,7.69,7.79,8.43,9.2,9.73,8.8,6.29,6.3,6.78,6.72,7.46,8.04,8.86,8.81,8.73,9.23,9.57,9.06,10.07,11.16,11.34,11.91,10.81,10.49,10.4,10.74,11.32,11.75,11.75,11.75
TJK,Tajikistan,Asia,Northern Hemisphere,Medium,ECA,122,,2.79,4.12,4.08,2.91,2.79,1.9,1.57,1.86,1.47,1.47,1.77,2.04,2.33,2.5,2.29,2.36,2.5,2.98,2.9,2.94,3.68,3.63,3.82,4.68,4.73,4.93,5.48,5.47,5.75,5.75,5.75
TKM,Turkmenistan,Asia,Northern Hemisphere,High,ECA,91,,4.42,6.07,6.33,8.2,7.08,4.88,4.71,4.97,5.19,4.78,7.05,7.45,8.9,9.2,8.46,6.31,6.64,7.45,6.62,5.69,5.86,7.08,7.7,8.3,8.56,7.81,7.5,12.84,13.13,13.13,13.13
TLS,Timor-Leste,Asia,Southern Hemisphere,Medium,EAP,140,,,,,,,,,,,,,,,,,,,,,,,,,,,,,,,,
TON,Tonga,Oceania,Southern Hemisphere,High,EAP,91,,,,,,,,,,,,,,,,,,,,,,,,,,,,,,,,
TTO,Trinidad and Tobago,America,Northern Hemisphere,Very High,LAC,57,,,,,,,,,,,,,,,,,,,,,,,,,,,,,,,,
TUN,Tunisia,Africa,Northern Hemisphere,High,AS,97,6.92,7.28,7.45,7.55,7.61,7.24,7.55,7.19,7.98,8.48,9.66,10.02,9.61,9.4,10.11,8.95,8.63,9.04,10.01,10.18,10.49,10.03,9.15,9.36,9.69,10.02,10.24,9.93,8.98,9.17,9.17,9.17
TUR,Turkey,Asia,Northern Hemisphere,Very High,ECA,48,8.7,9.95,9.69,11.02,9.1,10.14,10.49,10.77,11.47,10.1,10.42,8.21,8.44,9,9.71,11.93,13.31,15.47,14.79,13.08,15.76,18.23,17.14,17.97,17.76,18.16,16.4,16.48,17.43,17.49,17.49,17.49
TUV,Tuvalu,Oceania,Southern Hemisphere,Medium,EAP,130,,,,,,,,,,,,,,,,,,,,,,,,,,,,,,,,
TZA,Tanzania,Africa,Southern Hemisphere,Low,SSA,160,2.1,2.13,1.93,1.68,1.53,1.54,1.69,1.59,1.7,1.82,1.64,1.52,1.75,1.62,1.67,1.61,1.66,1.84,1.63,1.57,1.67,1.94,1.71,1.8,1.93,1.74,1.62,1.63,1.61,1.58,1.58,1.58
UGA,Uganda,Africa,Northern Hemisphere,Low,SSA,166,2.38,2.13,2.16,2.21,2.22,2.43,2.52,2.27,2.82,2.55,2.07,2.11,2.23,2.19,2.11,2.14,2.21,2.18,2.2,2.03,2.1,2.07,2.24,2.09,2.27,2.25,2.02,1.91,1.8,1.92,1.92,1.92
UKR,Ukraine,Europe,Northern Hemisphere,High,ECA,77,,4.98,8.9,9.42,8.45,7.76,6.73,6.73,5.74,4.81,4.33,5.11,4.88,4.89,5.06,5.43,6.13,7.48,8.81,6.12,8.03,9.57,9.36,10.11,9.36,9.47,10.48,10.83,11.26,11.91,11.91,11.91
URY,Uruguay,America,Southern Hemisphere,Very High,LAC,58,12.92,14.87,16.52,17,16.88,16.78,21.4,27.82,28.04,31.37,31.61,29.07,25.95,21.89,26.88,33.96,34.85,35.65,37.97,36.42,36.89,38.55,38.74,39.83,22.77,22.88,22,22.05,19.09,17.49,17.49,17.49
USA,United States,America,Northern Hemisphere,Very High,,21,28.34,27.32,28.1,28.72,30.78,30.06,31.03,32.07,34.21,34.12,34.24,33.92,33.49,33.28,35.55,38.07,37.24,35.23,32.68,29.06,28.56,28.27,28.52,28.09,28.23,28.33,28.06,28.12,29.14,29.65,29.65,29.65
UZB,Uzbekistan,Asia,Northern Hemisphere,High,ECA,101,,3.96,7.55,6.52,6.57,5.73,5.99,6.03,5.41,5.48,4.87,4.98,4.98,4.89,5.51,5.04,5.42,5.33,5.48,5.76,5.32,5.65,5.91,6.29,6.55,6.21,6.75,6.18,6.24,6.12,6.12,6.12
VCT,Saint Vincent and the Grenadines,America,Northern Hemisphere,High,LAC,89,,,,,,,,,,,,,,,,,,,,,,,,,,,,,,,,
VEN,Venezuela,America,Northern Hemisphere,Medium,LAC,120,6.88,8.09,10.87,9.98,9.47,10.73,9.18,9.96,10.15,10.56,9.33,10.26,8.49,6.56,8,8.99,7.81,11.11,10.39,14.42,14.77,13.96,17.18,18.86,18.39,26.19,15.61,16.01,9.69,9.6,9.6,9.6
VNM,Viet Nam,Asia,Northern Hemisphere,High,EAP,115,2.05,2.1,2.37,2.42,2.58,2.84,2.99,3.14,3.41,3.52,3.83,4.2,5.93,6.77,6.96,7.69,7.8,8.17,8.04,8.89,8.66,8.72,8.51,7.8,9.85,10.03,8.09,8.16,8.12,8.52,8.52,8.52
VUT,Vanuatu,Oceania,Southern Hemisphere,Medium,EAP,140,,,,,,,,,,,,,,,,,,,,,,,,,,,,,,,,
WSM,Samoa,Oceania,Southern Hemisphere,High,EAP,111,,,,,,,,,,,,,,,,,,,,,,,,,,,,,,,,
YEM,Yemen,Asia,Northern Hemisphere,Low,AS,183,3.12,2.89,3.04,3.05,3.13,3.35,3.08,3.14,3.21,2.97,2.96,3.29,3.53,3.7,3.87,4.14,4.32,4.52,4.58,4.55,3.81,3.47,3.66,3.6,3.55,3.39,3.48,3.06,2.84,2.89,2.89,2.89
ZAF,South Africa,Africa,Southern Hemisphere,High,SSA,109,11.17,11.74,9.7,9.95,13.33,12.6,12.08,9.69,9.68,11.15,10.58,8.24,11.49,12.6,12.72,9.11,8.49,8.3,8.15,8.79,9.83,9.93,9.55,10.09,8.41,8.06,7.55,7.76,7.6,7.55,7.55,7.55
ZMB,Zambia,Africa,Southern Hemisphere,Medium,SSA,154,3.18,2.77,2.94,3.82,3.31,3.98,4.43,3.96,2.82,2.77,2.54,2.8,2.49,3.33,3.58,2.93,3.49,3.1,2.81,3.04,2.92,3.67,4.74,4.68,3.92,3.36,3.12,3.21,2.8,2.38,2.38,2.38
ZWE,Zimbabwe,Africa,Southern Hemisphere,Medium,SSA,146,4.37,4.09,3.54,3.64,3.68,3.45,3.67,4,2.24,2.17,2.16,2.67,3,2.92,2.77,2.46,2.64,2.39,2.17,3.02,4.07,2.81,3.13,2.86,3.03,2.66,2.29,2.26,2.05,1.21,1.21,1.21
